<application>
  <component name="FeatureSuggesterSettings">
    <option name="workingDays">
      <list>
        <option value="1653992308024" />
        <option value="1654071133640" />
        <option value="1654515839256" />
        <option value="1654589326207" />
        <option value="1654676597396" />
        <option value="1654771549969" />
        <option value="1654856454804" />
        <option value="1654943746296" />
        <option value="1655109010851" />
        <option value="1655203278110" />
        <option value="1655286103345" />
        <option value="1655368016707" />
        <option value="1655451441025" />
        <option value="1655714306969" />
        <option value="1655766078830" />
        <option value="1655885272674" />
        <option value="1655970001223" />
        <option value="1656928921786" />
        <option value="1657011424195" />
        <option value="1657102911694" />
        <option value="1657185322948" />
        <option value="1657268560400" />
        <option value="1657527531943" />
        <option value="1657616465330" />
        <option value="1657704424329" />
        <option value="1657790884341" />
        <option value="1658237274766" />
        <option value="1658474396624" />
        <option value="1659350768726" />
        <option value="1659433688546" />
      </list>
    </option>
  </component>
</application>