<application>
  <component name="MaterialThemeConfig">
    <option name="contrastMode" value="true" />
    <option name="highContrast" value="true" />
    <option name="premium" value="true" />
    <option name="allowDataCollection" value="true" />
    <option name="isContrastMode" value="true" />
    <option name="isHighContrast" value="true" />
    <option name="isWizardShown" value="true" />
    <option name="pristineConfig" value="false" />
    <option name="settingsSelectedTab" value="5" />
    <option name="accentColor" value="ff9800" />
    <option name="selectedTheme" value="DARKER" />
    <option name="userId" value="4bc7b291:1773951aeeb:-8000" />
    <option name="version" value="6.4.2.1" />
    <option name="stripedToolWindowsEnabled" value="true" />
  </component>
</application>