<keymap version="1" name="macOS copy" parent="Mac OS X 10.5+">
  <action id="ActivateProjectToolWindow">
    <keyboard-shortcut first-keystroke="shift alt p" />
  </action>
  <action id="ActivateTerminalToolWindow">
    <keyboard-shortcut first-keystroke="shift alt t" />
  </action>
  <action id="Arrangement.Alias.Rule.Add">
    <keyboard-shortcut first-keystroke="ctrl enter" />
  </action>
  <action id="Arrangement.Rule.Add">
    <keyboard-shortcut first-keystroke="ctrl enter" />
  </action>
  <action id="CompareTwoFiles" />
  <action id="Diff.ShowDiff" />
  <action id="Diff.ShowSettingsPopup" />
  <action id="EslintImportCodeStyle">
    <keyboard-shortcut first-keystroke="shift meta l" />
  </action>
  <action id="ExpressionTypeInfo" />
  <action id="FileChooser.GotoDesktop" />
  <action id="FileChooser.NewFolder" />
  <action id="Generate">
    <keyboard-shortcut first-keystroke="ctrl enter" />
  </action>
  <action id="Github.Open.In.Browser">
    <keyboard-shortcut first-keystroke="alt g" />
  </action>
  <action id="Javascript.Linters.EsLint.Fix">
    <keyboard-shortcut first-keystroke="shift meta l" />
  </action>
  <action id="MoveEditorToOppositeTabGroup">
    <keyboard-shortcut first-keystroke="shift alt o" />
  </action>
  <action id="MoveTabRight">
    <keyboard-shortcut first-keystroke="shift alt r" />
  </action>
  <action id="NewDir">
    <keyboard-shortcut first-keystroke="shift meta n" />
  </action>
  <action id="NewElement">
    <keyboard-shortcut first-keystroke="ctrl enter" />
  </action>
  <action id="NewFile">
    <keyboard-shortcut first-keystroke="meta n" />
  </action>
  <action id="NewScratchFile" />
  <action id="PinActiveTab">
    <keyboard-shortcut first-keystroke="shift ctrl p" />
  </action>
  <action id="PrettierImportCodeStyleAction">
    <keyboard-shortcut first-keystroke="shift meta p" />
  </action>
  <action id="Refactorings.QuickListPopupAction" />
  <action id="ReformatWithPrettierAction">
    <keyboard-shortcut first-keystroke="shift meta p" />
  </action>
  <action id="RenameElement">
    <keyboard-shortcut first-keystroke="alt r" />
  </action>
  <action id="RerunTests">
    <keyboard-shortcut first-keystroke="ctrl meta r" />
  </action>
  <action id="RevealIn">
    <keyboard-shortcut first-keystroke="alt f" />
  </action>
  <action id="RunDashboard.CopyConfiguration" />
  <action id="SelectInProjectView">
    <keyboard-shortcut first-keystroke="shift meta j" />
  </action>
  <action id="SelectVirtualTemplateElement" />
  <action id="SendEOF" />
  <action id="ServiceView.AddService">
    <keyboard-shortcut first-keystroke="ctrl enter" />
  </action>
  <action id="Terminal.OpenInTerminal">
    <keyboard-shortcut first-keystroke="alt t" />
  </action>
  <action id="Uml.NewElement">
    <keyboard-shortcut first-keystroke="ctrl enter" />
  </action>
  <action id="Uml.ShowDiff" />
  <action id="Vcs.Push.Simple">
    <keyboard-shortcut first-keystroke="shift meta k" />
  </action>
  <action id="XDebugger.CopyWatch" />
  <action id="hg4idea.QFold" />
  <action id="hg4idea.QPushAction" />
  <action id="tasks.switch" />
</keymap>