<application>
  <component name="MaterialThemeNewConfig">
    <option name="accentState">
      <MTAccentConfigState>
        <option name="accentColorHex" value="ff9800" />
      </MTAccentConfigState>
    </option>
    <option name="contrastState">
      <MTContrastConfigState>
        <option name="contrastMode" value="true" />
        <option name="highContrast" value="true" />
      </MTContrastConfigState>
    </option>
    <option name="customThemeState">
      <MTCustomThemeConfigState>
        <option name="colorScheme" value="Dark" />
      </MTCustomThemeConfigState>
    </option>
    <option name="featuresState">
      <MTFeaturesConfigState>
        <option name="uiFont" value=".AppleSystemUIFont" />
        <option name="useCustomFont" value="true" />
      </MTFeaturesConfigState>
    </option>
    <option name="metadata">
      <MTMetadataState>
        <option name="pristineConfig" value="false" />
        <option name="userId" value="5e354d7e:1934a5617db:-8000" />
        <option name="version" value="9.7.0" />
        <option name="wizardShown" value="true" />
      </MTMetadataState>
    </option>
    <option name="projectTreeState">
      <MTProjectTreeConfigState>
        <option name="treeFont" value=".AppleSystemUIFont" />
        <option name="treeFontEnabled" value="true" />
      </MTProjectTreeConfigState>
    </option>
    <option name="themeState">
      <MTThemeConfigState>
        <option name="selectedThemeName" value="DARKER" />
      </MTThemeConfigState>
    </option>
  </component>
</application>