<application>
  <component name="DimensionService">
    <size key="GridCell.Tab.0.left.0.0.3024.1964@192dpi" width="2860" height="532" />
    <size key="GridCell.Tab.0.center.0.0.3024.1964@192dpi" width="2860" height="532" />
    <size key="GridCell.Tab.0.right.0.0.3024.1964@192dpi" width="2860" height="532" />
    <size key="GridCell.Tab.0.bottom.0.0.3024.1964@192dpi" width="2860" height="532" />
  </component>
  <component name="WindowManager">
    <frame x="0" y="24" width="1512" height="958" extendedState="6" fullScreen="true" />
  </component>
  <component name="WindowStateApplicationService">
    <state x="544" y="220" key="FileChooserDialogImpl" timestamp="1733138859132">
      <screen x="0" y="38" width="1512" height="944" />
    </state>
    <state x="544" y="220" key="FileChooserDialogImpl/0.38.1512.944/-562.-1415.2560.1415" timestamp="1733138859132" />
    <state x="756" y="463" width="800" height="665" key="WELCOME_SCREEN" timestamp="1733138841433">
      <screen x="0" y="38" width="1512" height="944" />
    </state>
    <state x="756" y="457" width="800" height="650" key="WELCOME_SCREEN/0.38.1512.944/-1886.-1667.3008.1667/1122.-1667.3008.1667" timestamp="1732529844325" />
    <state x="756" y="463" width="800" height="665" key="WELCOME_SCREEN/0.38.1512.944/-562.-1415.2560.1415" timestamp="1733138841433" />
    <state x="756" y="459" width="800" height="665" key="WELCOME_SCREEN/0.38.1512.944/1122.-1667.3008.1667/-1886.-1667.3008.1667" timestamp="1733098083705" />
  </component>
</application>