<application>
  <component name="MaterialThemeNewConfig">
    <option name="accentState">
      <MTAccentConfigState>
        <option name="accentColorHex" value="ff9800" />
      </MTAccentConfigState>
    </option>
    <option name="customThemeState">
      <MTCustomThemeConfigState>
        <option name="accentColorHex" value="ff9800" />
        <option name="activeColorHex" value="323232" />
        <option name="backgroundColorHex" value="212121" />
        <option name="borderColorHex" value="292929" />
        <option name="buttonColorHex" value="2a2a2a" />
        <option name="colorScheme" value="_@user_Material Darker" />
        <option name="contrastColorHex" value="1a1a1a" />
        <option name="disabledColorHex" value="474747" />
        <option name="excludedColorHex" value="323232" />
        <option name="foregroundColorHex" value="b0bec5" />
        <option name="highlightColorHex" value="3f3f3f" />
        <option name="notificationColorHex" value="1a1a1a" />
        <option name="secondAccentColorHex" value="89ddff" />
        <option name="secondBackgroundColorHex" value="292929" />
        <option name="selectionBackgroundColorHex" value="404040" />
        <option name="selectionForegroundColorHex" value="ffffff" />
        <option name="textColorHex" value="727272" />
        <option name="treeColorHex" value="2d2d2d" />
      </MTCustomThemeConfigState>
    </option>
    <option name="featuresState">
      <MTFeaturesConfigState>
        <option name="uiFont" value=".AppleSystemUIFont" />
        <option name="useCustomFont" value="true" />
      </MTFeaturesConfigState>
    </option>
    <option name="lightCustomThemeState">
      <MTLightCustomThemeConfigState>
        <option name="colorScheme" value="_@user_Material Darker" />
      </MTLightCustomThemeConfigState>
    </option>
    <option name="metadata">
      <MTMetadataState>
        <option name="pristineConfig" value="false" />
        <option name="userId" value="5e354d7e:1934a5617db:-8000" />
        <option name="version" value="9.7.0" />
        <option name="wizardShown" value="true" />
      </MTMetadataState>
    </option>
    <option name="projectTreeState">
      <MTProjectTreeConfigState>
        <option name="treeFont" value=".AppleSystemUIFont" />
        <option name="treeFontEnabled" value="true" />
      </MTProjectTreeConfigState>
    </option>
    <option name="themeState">
      <MTThemeConfigState>
        <option name="selectedThemeName" value="CUSTOM" />
      </MTThemeConfigState>
    </option>
  </component>
</application>