<application>
  <component name="ProjectManager">
    <defaultProject>
      <component name="EslintConfiguration">
        <option name="fix-on-save" value="true" />
      </component>
      <component name="InspectionProjectProfileManager">
        <profile version="1.0">
          <option name="myName" value="Project Default" />
        </profile>
        <version value="1.0" />
      </component>
      <component name="MaterialThemeProjectNewConfig">
        <option name="metadata">
          <MTProjectMetadataState>
            <option name="migrated" value="true" />
            <option name="pristineConfig" value="false" />
            <option name="userId" value="5e354d7e:1934a5617db:-7ffe" />
          </MTProjectMetadataState>
        </option>
        <option name="titleBarState">
          <MTProjectTitleBarConfigState>
            <option name="overrideColor" value="false" />
          </MTProjectTitleBarConfigState>
        </option>
      </component>
      <component name="ProjectViewState">
        <option name="hideEmptyMiddlePackages" value="true" />
        <option name="showLibraryContents" value="true" />
        <option name="showMembers" value="true" />
      </component>
      <component name="PropertiesComponent">{
  &quot;keyToString&quot;: {
    &quot;settings.editor.selected.configurable&quot;: &quot;reference.settingsdialog.IDE.editor.colors.General&quot;
  }
}</component>
    </defaultProject>
  </component>
</application>