<application>
  <component name="Trusted.Paths">
    <option name="TRUSTED_PROJECT_PATHS">
      <map>
        <entry key="$USER_HOME$/Documents/Coding/advent-of-code-2024" value="true" />
        <entry key="$USER_HOME$/Documents/Coding/barclayd" value="true" />
        <entry key="$USER_HOME$/Documents/Coding/keepfresh-api" value="true" />
      </map>
    </option>
  </component>
  <component name="Trusted.Paths.Settings">
    <option name="TRUSTED_PATHS">
      <list>
        <option value="$USER_HOME$/Documents/Coding" />
      </list>
    </option>
  </component>
</application>