<application>
  <component name="DimensionService">
    <location key="find.popup.0.0.3024.1964@192dpi" x="1036" y="304" />
    <size key="GridCell.Tab.0.left.0.0.3024.1964@192dpi" width="2860" height="532" />
    <size key="GridCell.Tab.0.center.0.0.3024.1964@192dpi" width="2860" height="532" />
    <size key="GridCell.Tab.0.right.0.0.3024.1964@192dpi" width="2860" height="532" />
    <size key="GridCell.Tab.0.bottom.0.0.3024.1964@192dpi" width="2860" height="532" />
    <size key="find.popup.0.0.3024.1964@192dpi" width="1286" height="1602" />
    <size key="GridCell.Tab.1.left.0.0.3024.1964@192dpi" width="2860" height="532" />
    <size key="GridCell.Tab.1.center.0.0.3024.1964@192dpi" width="2860" height="532" />
    <size key="GridCell.Tab.1.right.0.0.3024.1964@192dpi" width="2860" height="532" />
    <size key="GridCell.Tab.1.bottom.0.0.3024.1964@192dpi" width="2860" height="532" />
    <size key="GridCell.Tab.2.left.0.0.3024.1964@192dpi" width="2860" height="532" />
    <size key="GridCell.Tab.2.center.0.0.3024.1964@192dpi" width="2860" height="532" />
    <size key="GridCell.Tab.2.right.0.0.3024.1964@192dpi" width="2860" height="532" />
    <size key="GridCell.Tab.2.bottom.0.0.3024.1964@192dpi" width="2860" height="532" />
    <size key="GridCell.Tab.3.left.0.0.3024.1964@192dpi" width="2860" height="532" />
    <size key="GridCell.Tab.3.center.0.0.3024.1964@192dpi" width="2860" height="532" />
    <size key="GridCell.Tab.3.right.0.0.3024.1964@192dpi" width="2860" height="532" />
    <size key="GridCell.Tab.3.bottom.0.0.3024.1964@192dpi" width="2860" height="532" />
  </component>
  <component name="WindowManager">
    <frame x="0" y="37" width="1512" height="945" extendedState="6" fullScreen="true" />
  </component>
  <component name="WindowStateApplicationService">
    <state width="608" height="169" key="ShowUsagesActions.dimensionServiceKey" timestamp="1733082097557">
      <screen x="0" y="32" width="1512" height="950" />
    </state>
    <state width="608" height="169" key="ShowUsagesActions.dimensionServiceKey/0.32.1512.950/1122.-1667.3008.1667/-1886.-1667.3008.1667" timestamp="1733082097557" />
    <state x="756" y="461" width="800" height="650" key="WELCOME_SCREEN" timestamp="1733162102657">
      <screen x="0" y="38" width="1512" height="944" />
    </state>
    <state x="756" y="461" width="800" height="650" key="WELCOME_SCREEN/0.38.1512.944" timestamp="1733162102657" />
  </component>
</application>