<application>
  <component name="FileTypeManager" version="18">
    <extensionMap>
      <mapping pattern="" type="AUTO_DETECTED" />
      <mapping pattern="Brewfile" type="AUTO_DETECTED" />
      <mapping ext="cypress" type="Dockerfile" />
      <mapping ext="vsix" type="PLAIN_TEXT" />
      <mapping ext="pem" type="PLAIN_TEXT" />
      <removed_mapping ext="ignore" approved="true" type="IgnoreLang file" />
      <removed_mapping pattern=".prettierignore" approved="true" type="Prettier File" />
    </extensionMap>
  </component>
</application>