<application>
  <component name="MaterialThemeConfig">
    <option name="UIFont" value="JetBrains Mono" />
    <option name="contrastMode" value="true" />
    <option name="highContrast" value="true" />
    <option name="useMaterialFont" value="true" />
    <option name="autoResetColorScheme" value="true" />
    <option name="isContrastMode" value="true" />
    <option name="isHighContrast" value="true" />
    <option name="isWizardShown" value="true" />
    <option name="overrideAccentColor" value="false" />
    <option name="pristineConfig" value="false" />
    <option name="useMaterialFont2" value="true" />
    <option name="settingsSelectedTab" value="5" />
    <option name="accentColor" value="ff9800" />
    <option name="selectedTheme" value="DARKER" />
    <option name="userId" value="4bc7b291:1773951aeeb:-8000" />
    <option name="version" value="8.4.1" />
    <option name="uiFont" value="JetBrains Mono" />
  </component>
</application>