<application>
  <component name="NodeJsLocalInterpreterManager">
    <local-interpreter path="$USER_HOME$/.nvm/versions/node/v17.0.1/bin/node">
      <version-cache version="17.0.1" last-modified="1634748093000" />
    </local-interpreter>
    <local-interpreter path="$USER_HOME$/.nvm/versions/node/v16.13.0/bin/node">
      <version-cache version="16.13.0" last-modified="1635264114000" />
    </local-interpreter>
    <local-interpreter path="$USER_HOME$/.nvm/versions/node/v14.17.0/bin/node">
      <version-cache version="14.17.0" last-modified="1620757815000" />
    </local-interpreter>
    <local-interpreter path="$USER_HOME$/.nvm/versions/node/v14.16.0/bin/node">
      <version-cache version="14.16.0" last-modified="1614040154000" />
    </local-interpreter>
    <local-interpreter path="/usr/local/bin/node">
      <version-cache version="14.15.4" last-modified="1609768560000" />
    </local-interpreter>
    <local-interpreter path="$USER_HOME$/.nvm/versions/node/v12.20.1/bin/node">
      <version-cache version="12.20.1" last-modified="1609772938000" />
    </local-interpreter>
  </component>
</application>